{
  "version": 1,
  "author": "Anonymous maker",
  "editor": "wokwi",
  "parts": [
    {
      "type": "board-esp32-c3-devkitm-1",
      "id": "esp",
      "top": 76.5,
      "left": 15.42,
      "attrs": { "__timingOptimizations": "disable" }
    },
    {
      "type": "wokwi-led-ring",
      "id": "ring1",
      "top": -162.56,
      "left": -75.61,
      "attrs": { "pixels": "16" }
    },
    {
      "type": "wokwi-led-ring",
      "id": "ring2",
      "top": -166.43,
      "left": 97.05,
      "attrs": { "pixels": "16" }
    },
    {
      "type": "wokwi-led-ring",
      "id": "ring3",
      "top": -178.32,
      "left": 264.48,
      "attrs": { "pixels": "16" }
    }
  ],
  "connections": [
    [ "esp:TX0", "$serialMonitor:RX", "", [] ],
    [ "esp:RX0", "$serialMonitor:TX", "", [] ],
    [ "ring1:GND", "esp:GND.5", "black", [ "v250.67", "h3.6", "v-1.07", "h31.38" ] ],
    [ "ring1:VCC", "esp:5V.1", "red", [ "v0" ] ],
    [ "ring1:DIN", "esp:5", "green", [ "v60.22", "h124.8", "v131.78" ] ],
    [ "ring2:GND", "ring1:GND", "black", [ "v27.89", "h-168.49" ] ],
    [ "ring2:VCC", "ring1:VCC", "red", [ "v43.89", "h-166.09" ] ],
    [ "ring1:DOUT", "ring2:DIN", "green", [ "v13.75", "h156.7" ] ],
    [ "ring3:GND", "ring2:GND", "black", [ "v39.31", "h-169.45" ] ],
    [ "ring3:VCC", "ring2:VCC", "red", [ "v55.02", "h-172.94" ] ],
    [ "ring2:DOUT", "ring3:DIN", "green", [ "v15.21", "h158.47" ] ]
  ],
  "dependencies": {}
}